"","Group","Covariate"
"1",0,-1.24320967834395
"2",0,0.99185898159433
"3",0,0.863965139598421
"4",0,-1.75503854875554
"5",0,0.148808218516151
"6",1,1.11007456035807
"7",1,-0.182752914383314
"8",1,-0.25518776801131
"9",1,-0.250936687023693
"10",1,0.816620959269145
